address	raw_le	float32	int32	double64	int64
14053ad70	0000164300001943	150.00000000000000	1125515264	1759218885820416.0	4834895676084453376
14053adb4	0000484300004d43	200.00000000000000	1128792064	16325550906802176	4849532374876684288
14053af14	0000344400003644	720.00000000000000	1144258560	4.0582844461173910e+20	4915116044465733632
14053ae30	0000b4430080b643	360.00000000000000	1135869952	1.6212961566360863e+18	4879227984926736384
