address	raw_le	float32	int32	double64	int64
140539d08	f168e388b5f8f43e	-1.3686737149039799e-33	-1998362383	2.0000000000000000e-05	4536524183238306033
140539d50	fca9f1d24d62403f	-518969491456.00000	-755914244	0.00050000000000000000	4557750909289998844
140539e50	7b14ae47e17ab43f	89128.960937500000	1202590843	0.080000000000000000	4590429028186199163
14053a2f8	fca9f1d24d624040	-518969491456.00000	-755914244	32.768000000000000	4629808503327926780
14053a548	0000000000806640	0.0000000000000000	0	180.00000000000000	4640537203540230144
14053a338	1438811338814340	3.2619475468086614e-27	327235604	39.009523809523810	4630686919712389140
14053a020	112d4454fb210940	3370278715392.0000	1413754129	3.1415926535897900	4614256656552045841
140539d28	000000000000003f	0.0000000000000000	0	3.0517578125000000e-05	4539628424389459968
