address	raw_le	float32	int32	double64	int64
14053abe8	555555555555d540	14660154687488.000	1431655765	21845.333333333332	4671734013458994517
140539e60	9a9999999999b93f	-1.5881868392106856e-23	-1717986918	0.10000000000000000	4591870180066957722
1407c77a4	0100000064000000	1.4012984643248170e-45	1	2.1219957909700000e-312	429496729601
14053ab70	0000c04000000000	6.0000000000000000	1086324736	5.3671573230000000e-315	1086324736
