address	raw_le	float32	int32	double64	int64
14053ae28	0000aa430000af43	340.00000000000000	1135214592	1.1168928528953508e+18	4877116922600751104
14053ab70	0000c04000000000	6.0000000000000000	1086324736	5.3671573230000000e-315	1086324736
14053aa20	0000a04000000000	5.0000000000000000	1084227584	5.3567960150000000e-315	1084227584
14053ac34	00004041cdcc4c41	12.000000000000000	1094713344	3774874.5097656250	4705360892630401024
14053ae30	0000b4430080b643	360.00000000000000	1135869952	1.6212961566360863e+18	4879227984926736384
14053aec0	0000164400801844	600.00000000000000	1142292480	1.1298632616679100e+20	4906812532650803200
