address	raw_le	float32	int32	double64	int64
14053a388	4f1be8b4814e4b40	-4.3233237079221000e-07	-1259857073	54.613333333333340	4632882960673545039
14053a020	112d4454fb210940	3370278715392.0000	1413754129	3.1415926535897900	4614256656552045841
140539d28	000000000000003f	0.0000000000000000	0	3.0517578125000000e-05	4539628424389459968
14053a5f8	0000000000e06f40	0.0000000000000000	0	255.00000000000000	4643176031446892544
14053ac08	000000000000f040	0.0000000000000000	0	65536.000000000000	4679240012837945344
14053ae30	0000b4430080b643	360.00000000000000	1135869952	1.6212961566360863e+18	4879227984926736384
14053ac2c	0000204133333341	10.000000000000000	1092616192	1258291.2543945312	4698155131506524160
14053a170	0000204000000000	2.5000000000000000	1075838976	5.3153507850000000e-315	1075838976
140539d20	0000003f00000000	0.50000000000000000	1056964608	5.2220990170000000e-315	1056964608
14053a2e8	0000404000000000	3.0000000000000000	1077936128	5.3257120930000000e-315	1077936128
