address	raw_le	float32	int32	double64	int64
14053ab70	0000c04000000000	6.0000000000000000	1086324736	5.3671573230000000e-315	1086324736
14053ac2c	0000204133333341	10.000000000000000	1092616192	1258291.2543945312	4698155131506524160
14053ac80	0000f04100000000	30.000000000000000	1106247680	5.4655897450000000e-315	1106247680
14053aed4	00801d4400c01e44	630.00000000000000	1142784000	1.4180936379001523e+20	4908571751255736320
14053af28	00803b4400003e44	750.00000000000000	1144750080	5.5340239723362780e+20	4917367844279910400
14053b33c	0000f0c10000fcc1	-30.000000000000000	-1041235968	-7516195871.0000000	-4468696727004643328
140539de8	7b14ae47e17a943f	89128.960937500000	1202590843	0.020000000000000000	4581421828931458171
140539f28	9a9999999999e93f	-1.5881868392106856e-23	-1717986918	0.80000000000000000	4605380978949069210
140539fa8	9a9999999999f93f	-1.5881868392106856e-23	-1717986918	1.6000000000000000	4609884578576439706
