address	raw_le	float32	int32	double64	int64
140539fc8	0000000000000040	0.0000000000000000	0	2.0000000000000000	4611686018427387904
14053aa20	0000a04000000000	5.0000000000000000	1084227584	5.3567960150000000e-315	1084227584
14053ac58	0000a0410000c041	20.000000000000000	1101004800	536871043.25000000	4737786809094766592
14053ac34	00004041cdcc4c41	12.000000000000000	1094713344	3774874.5097656250	4705360892630401024
