address	raw_le	float32	int32	double64	int64
140539e30	b81e85eb51b8ae3f	-3.2186439840828266e+26	-343597384	0.060000000000000000	4588807732320345784
140539e40	ec51b81e85ebb13f	1.9515639880220904e-20	515396076	0.070000000000000000	4589708452245819884
140539e50	7b14ae47e17ab43f	89128.960937500000	1202590843	0.080000000000000000	4590429028186199163
140539e60	9a9999999999b93f	-1.5881868392106856e-23	-1717986918	0.10000000000000000	4591870180066957722
140539e88	a4703d0ad7a3c03f	9.1212043341673840e-33	171798692	0.13000000000000000	4593851763903000740
140539e98	333333333333c33f	4.1723250632230700e-08	858993459	0.15000000000000000	4594572339843380019
140539ea8	c3f5285c8fc2c53f	1.9023205581927220e+17	1546188227	0.17000000000000000	4595292915783759299
140539eb0	666666666666c63f	2.7200830220753216e+23	1717986918	0.17500000000000000	4595473059768854118
140539eb8	0ad7a3703d0ac73f	4.0564818300608976e+29	1889785610	0.18000000000000000	4595653203753948938
140539ec8	9a9999999999c93f	-1.5881868392106856e-23	-1717986918	0.20000000000000000	4596373779694328218
140539f00	000000000000e03f	0.0000000000000000	0	0.50000000000000000	4602678819172646912
140539f40	000000000000f03f	0.0000000000000000	0	1.0000000000000000	4607182418800017408
140539fb8	cdccccccccccfc3f	-107374184.00000000	-858993459	1.8000000000000000	4610785298501913805
14053a0b0	0000000000001440	0.0000000000000000	0	5.0000000000000000	4617315517961601024
14053a0f8	0000000000001840	0.0000000000000000	0	6.0000000000000000	4618441417868443648
14053a2d8	0000000000003e40	0.0000000000000000	0	30.000000000000000	4629137466983448576
14053a340	0000000000004440	0.0000000000000000	0	40.000000000000000	4630826316843712512
14053a380	0000000000004940	0.0000000000000000	0	50.000000000000000	4632233691727265792
14053a3a0	0000000000004e40	0.0000000000000000	0	60.000000000000000	4633641066610819072
14053a4a0	0000000000005e40	0.0000000000000000	0	120.00000000000000	4638144666238189568
14053aba0	89c8c96d305fc440	7.8061148877776800e+27	1841940617	10430.378350470464	4666959775467686025
14053adb4	0000484300004d43	200.00000000000000	1128792064	16325550906802176	4849532374876684288
