address	raw_le	float32	int32	double64	int64
14053ac44	0000704100008041	15.000000000000000	1097859072	33554440.179687500	4719772410582138880
14053ac60	0000c8410000cc41	25.000000000000000	1103626240	939524227.56250000	4741164508817915904
