address	raw_le	float32	int32	double64	int64
14053ae30	0000b4430080b643	360.00000000000000	1135869952	1.6212961566360863e+18	4879227984926736384
14053adb4	0000484300004d43	200.00000000000000	1128792064	16325550906802176	4849532374876684288
140539ee0	333333333333d33f	4.1723250632230700e-08	858993459	0.30000000000000000	4599075939470750515
140539f28	9a9999999999e93f	-1.5881868392106856e-23	-1717986918	0.80000000000000000	4605380978949069210
