address	raw_le	float32	int32	double64	int64
14053a020	112d4454fb210940	3370278715392.0000	1413754129	3.1415926535897900	4614256656552045841
14053a730	db81b97660ae7d40	1.8812669934285250e+33	1991868891	474.89855072463770	4647062119848182235
140539d28	000000000000003f	0.0000000000000000	0	3.0517578125000000e-05	4539628424389459968
140539e60	9a9999999999b93f	-1.5881868392106856e-23	-1717986918	0.10000000000000000	4591870180066957722
140539f40	000000000000f03f	0.0000000000000000	0	1.0000000000000000	4607182418800017408
14053ae30	0000b4430080b643	360.00000000000000	1135869952	1.6212961566360863e+18	4879227984926736384
14053a018	0000000000000840	0.0000000000000000	0	3.0000000000000000	4613937818241073152
140539e98	333333333333c33f	4.1723250632230700e-08	858993459	0.15000000000000000	4594572339843380019
14053ac2c	0000204133333341	10.000000000000000	1092616192	1258291.2543945312	4698155131506524160
14053aec4	0080184400c01844	610.00000000000000	1142456320	1.1413924767408220e+20	4906882901395144704
14053b320	000020c1333333c1	-10.000000000000000	-1054867456	-1258291.7543945312	-4525216903200768000
14053af1c	0080364400c03744	730.00000000000000	1144422400	4.3811024675146826e+20	4915608625675141120
14053aba0	89c8c96d305fc440	7.8061148877776800e+27	1841940617	10430.378350470464	4666959775467686025
140539f68	333333333333f33f	4.1723250632230700e-08	858993459	1.2000000000000000	4608083138725491507
140539ec8	9a9999999999c93f	-1.5881868392106856e-23	-1717986918	0.20000000000000000	4596373779694328218
14053a088	0000000000001240	0.0000000000000000	0	4.5000000000000000	4616752568008179712
14053a0b0	0000000000001440	0.0000000000000000	0	5.0000000000000000	4617315517961601024
14053a0d0	0000000000001640	0.0000000000000000	0	5.5000000000000000	4617878467915022336
14053a0f8	0000000000001840	0.0000000000000000	0	6.0000000000000000	4618441417868443648
14053a160	cdcccccccccc1e40	-107374184.00000000	-858993459	7.7000000000000000	4620355447710076109
140539fb8	cdccccccccccfc3f	-107374184.00000000	-858993459	1.8000000000000000	4610785298501913805
14053a340	0000000000004440	0.0000000000000000	0	40.000000000000000	4630826316843712512
14053a7c0	352781b850738240	-6.1585022194776680e-05	-1199495371	590.41441441441440	4648404555929823029
14053aa40	0000000000c0a240	0.0000000000000000	0	2400.0000000000000	4657496070887047168
14053a358	0000000000804640	0.0000000000000000	0	45.000000000000000	4631530004285489152
