address	raw_le	float32	int32	double64	int64
140539f40	000000000000f03f	0.0000000000000000	0	1.0000000000000000	4607182418800017408
140539fc8	0000000000000040	0.0000000000000000	0	2.0000000000000000	4611686018427387904
140539ff0	0000000000000440	0.0000000000000000	0	2.5000000000000000	4612811918334230528
14053a018	0000000000000840	0.0000000000000000	0	3.0000000000000000	4613937818241073152
14053a030	9a99999999990940	-1.5881868392106856e-23	-1717986918	3.2000000000000000	4614388178203810202
14053ac2c	0000204133333341	10.000000000000000	1092616192	1258291.2543945312	4698155131506524160
14053acf4	0000984200009e42	76.000000000000000	1117257728	8246338299392.0000	4800274253940785152
14053ad2c	0000dc420000e242	110.00000000000000	1121714176	158329709453312.00	4819414552361566208
14053ad60	00000f4300001143	143.00000000000000	1125056512	1196268932284416.0	4832643876270309376
