address	raw_le	float32	int32	double64	int64
14053a070	0000000000001040	0.0000000000000000	0	4.0000000000000000	4616189618054758400
